DT_NOTIFICACAO;REGISTROS
2014-03-19;1800
2015-02-14;2661
2016-01-12;2365
2016-12-09;294
2017-11-06;349
2018-10-04;162
2023-02-09;2688
2023-04-21;2689
2024-01-07;659
2019-09-01;148
2020-07-29;453
2021-04-16;3419
2021-06-26;350
2022-03-14;2451
2022-05-24;2958
2014-02-24;1257
2014-06-21;362
2015-01-22;2224
2015-12-20;472
2016-11-16;453
2017-10-14;128
2018-09-11;111
2019-08-09;451
2020-07-06;685
2021-06-03;819
2023-03-04;1912
2024-01-30;3884
2014-05-04;1747
2015-04-01;11596
2016-02-27;2664
2017-01-24;414
2017-12-22;220
2018-11-19;224
2019-10-17;432
2020-09-13;116
2021-08-11;295
2022-07-09;167
2023-06-06;2745
2014-04-11;4874
2015-03-09;12717
2016-02-04;3744
2017-01-01;122
2017-11-29;306
2018-10-27;90
2019-09-24;492
2020-08-21;181
2021-07-19;421
2022-06-16;486
2023-05-14;2118
2015-07-27;470
2015-08-02;95
2017-05-21;67
2017-05-27;96
2019-01-04;746
2019-03-16;1914
2023-07-28;578
2019-03-22;3814
2020-10-29;270
2021-01-08;391
2021-01-14;562
2022-08-24;154
2022-11-09;162
2015-08-19;350
2015-08-25;301
2017-02-16;486
2017-06-13;140
2017-06-19;208
2018-12-12;383
2022-08-01;343
2022-11-26;59
2022-12-02;121
2023-07-05;912
2019-04-08;6501
2019-04-14;2675
2020-10-06;296
2021-01-31;362
2021-02-06;478
2021-09-09;374
2015-06-11;1724
2015-11-27;669
2014-02-01;196
2017-07-12;97
2017-09-21;258
2019-05-07;7806
2023-06-12;2611
2019-07-17;778
2019-10-23;403
2021-03-01;2817
2021-08-17;302
2022-10-09;42
2022-12-25;61
2015-11-04;472
2015-07-04;184
2017-04-28;191
2017-08-29;184
2017-12-05;309
2019-02-21;3117
2023-01-17;1438
2023-05-20;2054
2014-01-09;266
2019-05-30;5165
2019-09-30;457
2020-11-21;155
2021-03-24;2908
2021-07-25;153
2022-09-16;105
2014-06-04;1733
2015-05-02;3581
2016-01-06;2279
2016-12-03;150
2016-12-15;327
2017-08-21;108
2022-03-08;1693
2017-11-12;147
2018-01-22;521
2018-07-19;117
2020-08-04;380
2021-04-10;1549
2021-07-02;444
2014-02-18;884
2015-01-16;1403
2015-01-28;3501
2015-12-26;587
2016-04-21;1531
2017-03-19;148
2023-02-26;1502
2023-04-04;8629
2024-01-24;2874
2018-09-17;123
2019-07-09;470
2019-08-15;357
2019-12-10;584
2020-06-05;734
2022-05-07;2405
2015-06-17;1291
2014-10-14;366
2014-07-20;161
2016-10-30;117
2017-07-06;88
2017-09-27;278
2021-05-17;2782
2021-10-27;285
2022-01-21;263
2022-12-31;65
2024-02-07;5264
2018-03-09;336
2018-06-03;78
2019-02-04;2640
2014-02-07;572
2020-06-19;733
2021-02-23;2113
2015-10-04;111
2014-12-13;144
2016-06-06;549
2016-08-31;157
2017-05-04;278
2018-08-02;104
2022-03-22;2819
2023-01-11;1187
2023-02-17;2977
2023-09-14;709
2023-12-09;521
2015-11-10;541
2019-05-24;5728
2019-06-30;807
2020-01-25;1215
2020-04-20;1504
2020-12-22;329
2014-08-29;223
2014-09-04;269
2016-04-07;3780
2017-08-12;51
2018-04-18;310
2018-04-24;357
2023-07-16;294
2023-07-22;327
2019-03-28;5100
2019-11-26;539
2019-12-02;619
2021-04-01;2384
2021-12-12;273
2022-11-15;73
2014-05-21;3479
2015-09-25;285
2015-08-13;311
2016-07-16;69
2016-07-22;103
2018-01-08;281
2022-08-07;89
2023-10-30;1221
2018-01-14;146
2020-03-05;4162
2020-03-11;3922
2021-02-12;1223
2021-08-28;127
2021-09-03;263
2014-07-14;640
2015-06-23;993
2016-02-21;2003
2016-10-24;348
2017-06-30;122
2018-06-09;77
2023-09-06;574
2019-02-10;1227
2019-10-11;369
2020-09-19;148
2021-05-26;1702
2022-01-27;280
2022-09-30;75
2014-04-05;1441
2014-12-07;123
2015-09-28;398
2016-05-31;538
2017-05-10;256
2017-11-23;264
2023-04-13;8233
2023-12-15;1074
2018-11-02;86
2019-05-18;3183
2020-04-26;738
2020-12-28;434
2021-10-19;319
2022-06-22;909
2015-05-08;6100
2014-11-23;97
2016-04-04;4938
2016-09-17;77
2017-08-15;129
2018-01-28;168
2023-05-03;7078
2023-07-13;839
2023-12-26;1392
2019-06-10;3984
2020-10-20;296
2021-07-08;485
2021-12-21;793
2022-03-02;1115
2022-08-15;263
2014-07-03;762
2014-12-16;495
2016-04-27;2273
2017-09-07;56
2019-01-18;937
2019-03-08;3549
2023-09-23;439
2021-11-28;170
2022-03-25;2788
2022-05-13;3871
2023-02-20;1959
2023-04-10;10490
2023-08-05;341
2015-11-13;538
2020-05-30;349
2020-07-18;231
2020-11-12;296
2020-12-31;237
2021-10-10;85
2014-02-10;785
2014-04-25;5820
2015-03-20;12121
2015-12-06;313
2016-02-15;5314
2017-01-15;162
2021-05-20;2039
2022-10-03;141
2023-03-15;6237
2023-08-31;717
2018-03-18;151
2018-08-28;114
2018-11-10;111
2019-10-08;433
2020-06-22;1074
2020-12-08;328
2015-04-15;11975
2015-06-03;1903
2016-11-25;386
2017-02-07;471
2017-03-28;473
2018-01-05;261
2022-09-10;31
2018-02-23;364
2018-09-20;136
2019-08-18;193
2019-10-31;522
2019-12-19;662
2021-06-12;438
2014-06-07;689
2015-02-05;4457
2014-08-23;105
2017-03-05;213
2018-04-30;181
2018-07-10;158
2023-10-13;642
2023-10-19;1020
2018-07-16;138
2018-12-29;278
2019-09-10;400
2019-11-20;413
2020-05-04;2275
2020-05-10;514
2014-05-15;4056
2016-03-09;5668
2014-09-15;364
2014-11-03;412
2014-10-28;381
2018-12-06;371
2020-04-17;2140
2020-09-30;369
2022-01-10;302
2022-02-10;435
2023-05-23;4918
2023-11-05;434
2015-03-26;13384
2014-07-26;128
2014-10-05;93
2016-05-17;1206
2016-07-30;50
2016-11-05;115
2022-04-20;4945
2022-07-03;250
2023-06-15;1529
2023-08-25;729
2024-02-13;3749
2018-03-12;405
2018-05-28;291
2020-01-08;1406
2020-06-28;271
2020-09-07;133
2021-11-02;158
2015-03-03;10652
2016-08-25;141
2016-10-13;211
2016-12-26;352
2018-02-17;178
2018-04-07;162
2018-06-20;185
2018-08-08;113
2019-12-13;572
2020-01-31;2731
2024-01-21;1282
2014-03-13;1556
2014-11-17;388
2016-01-18;3287
2015-07-24;363
2016-03-29;5030
2016-09-23;180
2023-04-27;6197
2024-01-01;135
2017-05-30;280
2018-02-03;194
2018-10-10;145
2019-06-16;1116
2020-02-20;4458
2020-10-26;324
2014-06-27;963
2015-12-14;1362
2014-08-15;244
2014-08-03;121
2017-09-01;135
2017-09-13;247
2021-11-22;432
2022-03-31;3303
2023-08-11;635
2017-10-20;329
2019-01-12;396
2019-01-24;1490
2019-03-02;1598
2020-05-24;301
2020-07-12;235
2015-01-05;1158
2015-09-11;207
2016-08-05;138
2017-04-11;391
2019-04-28;3156
2019-07-23;801
2023-11-25;439
2024-02-19;8468
2020-01-02;909
2020-03-28;964
2021-03-04;2068
2021-11-08;360
2022-04-14;3773
2022-12-19;218
2015-07-10;227
2016-10-07;190
2018-04-01;144
2018-05-08;323
2018-05-20;95
2018-06-26;183
2022-12-05;176
2014-01-15;301
2021-03-18;2671
2021-04-24;1609
2021-05-06;2824
2022-10-17;156
2022-10-29;60
2014-06-13;1234
2015-02-17;2885
2015-10-18;131
2016-06-23;209
2016-06-29;196
2017-02-27;222
2022-05-27;1761
2022-06-02;1680
2023-01-31;2106
2023-10-07;455
2017-11-03;197
2015-10-24;160
2020-05-16;562
2021-01-20;718
2021-09-20;404
2021-09-26;133
2014-09-21;70
2016-01-26;3226
2016-02-01;4069
2016-03-15;5226
2016-03-21;5969
2014-09-27;106
2023-06-29;1147
2021-12-29;651
2022-01-04;174
2022-02-16;706
2022-02-22;874
2023-05-11;6275
2023-06-23;1254
2017-06-07;245
2017-07-20;88
2017-07-26;91
2018-11-30;261
2020-08-24;288
2020-08-30;136
2014-05-01;2733
2014-12-30;596
2015-09-05;62
2016-08-11;151
2017-04-17;427
2017-12-16;129
2023-03-21;7362
2023-11-19;377
2018-08-22;142
2019-07-29;661
2020-04-03;2195
2020-12-02;353
2021-08-08;105
2022-07-15;367
2015-04-09;11229
2015-05-28;2744
2016-10-01;63
2016-11-19;138
2018-03-26;449
2018-05-14;352
2022-10-23;30
2022-12-11;81
2019-09-18;486
2019-11-06;477
2021-03-12;2258
2021-04-30;2541
2021-06-18;864
2022-09-04;43
2015-07-30;414
2014-09-01;276
2016-06-26;69
2017-05-24;224
2018-04-21;117
2019-03-19;4400
2022-11-06;55
2023-07-25;735
2023-10-04;964
2020-02-14;4266
2020-11-01;93
2021-01-11;553
2021-09-29;366
2021-12-09;470
2022-08-27;64
2015-07-07;544
2014-08-09;103
2016-06-03;433
2017-05-01;124
2018-03-29;260
2019-02-24;1454
2014-01-06;246
2020-01-22;2836
2020-12-19;176
2021-11-16;426
2023-08-17;736
2014-07-17;600
2014-12-27;221
2015-06-14;464
2015-11-24;667
2016-05-11;1251
2016-10-21;276
2014-01-29;515
2019-10-20;207
2020-09-16;322
2021-08-14;112
2022-07-12;464
2023-06-09;1433
2017-01-27;366
2017-04-08;172
2017-12-25;73
2018-03-06;361
2018-11-22;309
2019-02-01;1892
2014-02-21;975
2014-06-24;1115
2015-01-19;2223
2015-05-22;3315
2015-12-17;1178
2016-04-18;3706
2020-10-09;273
2021-09-06;215
2022-08-04;302
2023-07-02;545
2016-11-13;104
2017-03-16;496
2017-10-11;309
2018-09-08;51
2018-12-15;178
2019-11-12;538
2014-03-22;868
2014-06-01;758
2015-02-11;5881
2016-01-15;2174
2016-12-06;397
2017-11-09;270
2023-02-06;2792
2023-04-24;9575
2018-10-01;154
2019-06-19;2321
2019-09-04;367
2020-07-26;168
2021-04-13;3617
2021-06-29;541
2015-03-06;9756
2016-02-07;1571
2016-12-29;328
2017-08-01;89
2017-12-02;118
2018-10-24;165
2023-01-14;521
2023-01-20;1095
2023-05-17;5384
2019-05-27;6158
2019-09-27;393
2020-08-18;353
2021-03-21;1024
2021-07-22;332
2022-06-13;1157
2015-03-29;4324
2015-09-14;259
2015-11-30;946
2017-01-21;165
2017-07-09;37
2017-09-24;81
2022-07-06;490
2022-12-22;211
2014-02-04;603
2018-11-16;152
2019-05-04;3834
2019-07-20;304
2020-09-10;350
2021-02-26;1934
2021-05-14;2093
2014-02-27;1106
2015-04-21;5024
2015-08-22;87
2015-12-23;1037
2017-02-13;541
2017-06-16;83
2021-06-06;564
2022-07-29;238
2022-11-29;168
2023-04-01;3468
2017-10-17;359
2018-12-09;116
2019-04-11;6079
2019-08-12;599
2020-10-03;111
2021-02-03;1119
2015-05-14;5096
2015-08-05;351
2014-08-26;332
2016-04-10;1555
2016-09-11;51
2017-05-18;206
2021-12-15;656
2022-08-21;46
2022-11-12;59
2023-07-19;709
2017-08-09;128
2018-04-15;118
2018-04-27;294
2019-01-01;247
2019-03-25;5652
2019-11-29;453
2014-12-10;413
2015-07-01;732
2016-06-09;364
2017-03-31;320
2017-05-07;93
2018-02-26;450
2023-09-17;362
2015-11-07;168
2018-07-30;169
2019-06-27;2185
2020-01-28;3158
2020-11-18;300
2020-12-25;138
2021-10-16;150
2014-10-11;136
2017-07-03;110
2018-05-31;82
2019-05-10;6903
2020-01-14;1948
2021-02-20;716
2022-01-18;305
2022-01-30;117
2022-04-26;5580
2022-10-06;104
2022-12-28;245
2023-09-03;368
2014-10-25;133
2015-09-22;368
2015-08-16;92
2016-07-13;214
2017-06-22;147
2019-04-05;5402
2023-11-02;459
2024-01-27;2038
2020-03-02;4949
2020-03-14;1684
2020-06-08;993
2021-02-09;1307
2021-12-01;492
2023-03-01;4096
2013-12-29;74
2015-04-29;9386
2015-05-05;9214
2016-01-09;1220
2016-12-12;457
2017-08-18;89
2022-03-11;1679
2018-07-22;35
2018-12-23;164
2019-08-29;340
2020-08-01;166
2020-08-07;321
2021-04-07;3850
2014-04-02;3778
2014-04-08;4436
2015-03-12;12465
2015-10-01;341
2016-09-03;55
2017-02-04;219
2022-06-25;290
2023-01-08;428
2023-12-12;1276
2023-12-18;1400
2017-11-26;108
2018-10-30;210
2019-05-21;7405
2020-04-23;2107
2021-07-16;414
2022-06-19;335
2016-02-24;4838
2015-06-20;358
2014-10-17;344
2016-10-27;320
2017-10-03;309
2018-06-06;209
2023-06-03;1223
2019-02-07;2419
2019-10-14;478
2020-06-16;987
2021-05-23;640
2022-01-24;357
2022-09-27;106
2014-05-24;1055
2015-01-25;1002
2015-11-16;709
2016-07-19;138
2017-03-22;447
2018-01-11;336
2023-02-23;4185
2023-10-27;806
2018-09-14;100
2019-07-06;364
2020-03-08;1674
2020-11-09;348
2021-08-31;304
2022-05-04;4824
2014-06-10;1877
2015-10-21;462
2017-03-02;518
2018-07-13;94
2018-12-26;447
2019-11-23;263
2023-01-28;787
2023-10-16;1204
2020-05-07;1475
2021-01-23;325
2021-04-04;1099
2021-09-17;258
2022-06-05;669
2022-11-18;102
2015-05-31;682
2016-10-10;227
2017-03-25;195
2018-02-20;381
2018-08-05;41
2018-09-23;54
2022-09-07;51
2022-10-26;117
2024-01-18;1994
2014-01-18;129
2019-07-03;1754
2019-08-21;414
2019-12-16;834
2020-02-03;4017
2021-04-27;3550
2021-06-15;1084
2014-04-22;7345
2015-01-08;1059
2015-03-23;16453
2016-02-18;4752
2016-11-02;146
2017-01-12;333
2021-11-05;328
2022-04-17;1931
2024-02-10;3042
2017-04-20;315
2017-09-30;100
2017-12-13;337
2019-02-13;2788
2019-07-26;618
2020-01-11;761
2014-03-30;1115
2014-05-18;1151
2014-07-06;221
2015-12-29;1409
2016-03-12;2305
2016-04-30;959
2021-08-25;386
2021-10-13;355
2022-05-10;6223
2023-04-07;3012
2023-05-26;3608
2023-08-08;833
2017-10-23;344
2018-12-03;371
2019-01-21;1475
2020-07-15;578
2020-09-27;159
2020-11-15;140
2014-11-20;224
2015-05-11;10109
2014-11-26;349
2016-04-01;3923
2016-09-14;211
2016-09-20;157
2022-08-18;212
2023-04-30;2605
2023-12-29;1476
2018-01-25;381
2020-02-23;1745
2020-10-23;301
2021-07-05;642
2021-12-18;299
2022-03-05;550
2015-02-28;4079
2015-04-18;4587
2016-07-10;70
2016-08-22;130
2016-08-28;67
2016-12-23;247
2022-07-26;368
2023-12-06;1131
2017-02-10;439
2018-01-02;234
2018-06-17;46
2018-06-23;86
2020-03-17;3563
2021-07-28;300
2014-07-23;503
2014-10-08;296
2016-05-20;902
2016-08-02;132
2017-01-18;359
2018-03-15;388
2023-08-28;639
2024-02-16;6600
2018-08-31;106
2018-11-13;254
2020-01-05;605
2020-06-25;754
2021-10-30;137
2022-04-23;2064
2014-05-12;4544
2014-06-30;892
2014-10-31;260
2014-12-19;353
2016-03-06;2304
2014-09-12;291
2021-11-25;366
2022-03-28;3829
2022-05-16;4740
2023-09-20;878
2023-11-08;1079
2016-04-24;1193
2016-06-12;83
2018-10-21;74
2020-04-14;2187
2020-06-02;822
2021-10-07;261
2015-02-08;1811
2015-02-20;6927
2015-10-15;448
2016-06-20;320
2016-07-02;94
2017-02-24;401
2022-05-30;2153
2023-02-03;1840
2023-10-10;955
2015-10-27;437
2017-03-08;449
2017-10-31;301
2019-09-07;138
2020-05-13;1579
2021-01-17;272
2021-09-23;286
2014-03-02;334
2015-05-25;4246
2015-07-13;574
2014-01-12;106
2016-10-04;192
2016-11-22;362
2022-09-13;150
2022-10-20;111
2018-02-14;346
2018-04-04;393
2018-08-11;32
2019-12-22;363
2021-05-03;3645
2021-06-09;1305
2014-01-26;143
2015-12-03;836
2015-09-08;238
2016-05-14;549
2016-08-08;151
2018-08-25;49
2023-03-24;6534
2023-11-16;1005
2023-11-28;1148
2019-05-01;3851
2020-03-25;2208
2020-04-06;2814
2020-11-29;152
2020-12-11;337
2023-03-12;2042
2014-09-18;297
2014-08-12;333
2014-11-06;345
2017-06-10;62
2017-07-29;44
2017-09-04;181
2022-04-03;1751
2023-09-26;1027
2019-02-27;3536
2019-04-17;6794
2020-05-27;871
2021-11-19;324
2022-01-07;205
2022-02-13;229
2014-03-10;1454
2014-03-16;599
2014-11-14;298
2015-07-21;429
2018-01-31;469
2018-02-06;425
2020-10-17;126
2024-01-04;863
2024-01-10;1327
2018-10-07;55
2018-10-13;73
2019-06-07;2963
2019-06-13;3043
2020-02-11;4249
2020-02-17;5682
2015-04-12;4911
2017-01-04;400
2018-05-11;250
2018-05-17;322
2018-06-29;155
2019-09-21;205
2019-11-03;225
2019-11-09;221
2021-03-15;3057
2022-12-08;136
2014-04-28;6598
2015-09-02;229
2015-01-02;377
2016-05-08;513
2016-08-14;46
2017-04-14;137
2021-08-05;289
2022-04-11;5210
2022-07-18;498
2023-03-18;2710
2023-11-22;1098
2017-12-19;302
2018-08-19;43
2019-04-25;7482
2019-08-01;569
2020-03-31;2355
2020-12-05;170
2014-08-06;334
2014-09-24;338
2016-01-29;3246
2016-03-18;4349
2017-07-23;36
2017-09-10;93
2023-06-26;1542
2023-08-14;821
2019-01-15;1035
2019-03-05;1884
2020-07-09;539
2020-08-27;284
2022-01-01;274
2022-02-19;247
2014-12-05;289
2016-09-29;209
2017-06-17;60
2017-08-27;38
2018-05-15;312
2018-07-25;118
2022-01-02;22
2022-11-30;169
2023-10-28;430
2015-11-02;164
2019-04-12;6133
2014-01-07;236
2019-06-22;958
2020-03-09;4848
2020-05-19;1306
2021-02-04;1095
2014-12-28;228
2015-07-31;321
2015-11-25;629
2016-06-27;274
2016-10-22;136
2017-05-25;200
2023-10-05;1012
2014-01-30;524
2020-06-11;405
2021-01-12;573
2021-05-09;904
2021-12-10;475
2022-04-06;4113
2022-11-07;174
2017-09-19;262
2018-04-22;127
2018-08-17;76
2019-03-20;4532
2019-07-15;1157
2020-02-15;2180
2014-08-10;133
2015-01-20;1945
2015-07-08;437
2015-12-18;1122
2014-02-22;397
2016-06-04;202
2022-04-29;4352
2022-10-15;51
2023-03-27;9264
2023-09-12;977
2024-02-22;6265
2019-08-07;557
2020-01-23;2340
2020-07-04;246
2020-12-20;183
2021-06-01;1544
2021-11-17;415
2016-11-14;192
2017-05-02;294
2017-10-12;148
2018-03-30;157
2018-09-09;59
2019-02-25;4139
2014-03-17;1955
2014-07-18;482
2015-02-12;6070
2015-06-15;1937
2016-01-10;1059
2016-05-12;1256
2022-05-22;1218
2022-09-22;140
2023-04-19;7010
2023-08-20;333
2019-08-30;347
2019-12-31;364
2020-07-27;562
2020-11-27;289
2021-06-24;773
2021-10-25;343
2016-12-07;383
2017-04-09;153
2017-11-04;147
2018-03-07;389
2018-10-02;137
2019-02-02;1052
2014-06-25;1185
2015-03-07;4562
2015-05-17;1669
2016-04-19;3162
2016-12-30;267
2017-03-11;208
2022-06-14;1097
2023-05-18;4999
2018-02-12;199
2018-10-25;182
2019-12-08;290
2020-08-19;324
2021-07-23;307
2021-10-02;125
2014-06-02;2422
2015-04-24;10471
2016-03-27;1922
2017-01-22;147
2018-01-20;206
2018-11-17;115
2019-11-15;176
2020-09-11;269
2022-07-07;531
2023-06-10;1029
2014-05-10;1745
2015-07-02;619
2015-09-17;326
2015-12-24;487
2016-03-04;4622
2017-04-26;288
2020-12-14;447
2021-06-07;1772
2022-07-30;103
2023-01-15;492
2023-04-02;3204
2017-10-18;410
2017-12-28;227
2018-12-10;417
2019-02-19;3540
2019-08-13;517
2020-10-04;119
2014-04-17;4456
2015-06-09;1947
2016-02-10;3817
2015-10-10;143
2017-04-03;420
2017-08-04;83
2023-04-25;7444
2019-01-27;811
2019-09-05;314
2021-02-27;832
2021-06-30;477
2022-08-22;184
2022-12-23;146
2014-03-25;2469
2015-08-17;400
2015-11-08;156
2014-01-01;63
2014-12-11;358
2014-11-29;109
2022-11-24;131
2023-02-15;3461
2023-10-22;435
2023-11-03;575
2016-07-14;145
2018-07-31;130
2019-04-06;2772
2019-06-28;1983
2020-03-03;4425
2022-03-20;1043
2014-02-05;583
2015-11-19;632
2014-08-27;284
2016-10-16;111
2016-10-28;222
2017-05-19;179
2021-12-16;603
2022-11-13;50
2024-02-05;5377
2017-09-25;313
2018-04-16;383
2020-06-17;780
2021-01-06;318
2021-05-15;959
2021-12-04;225
2015-09-23;393
2014-10-26;108
2016-08-29;211
2018-06-15;172
2019-05-13;9592
2019-05-22;7035
2020-04-18;874
2022-02-02;359
2023-01-09;1324
2023-12-07;1093
2014-10-12;111
2016-09-12;216
2017-07-04;94
2017-08-10;101
2018-06-01;95
2020-05-02;803
2021-02-21;674
2021-03-30;3149
2022-01-19;324
2023-12-21;1164
2014-04-03;3416
2015-08-08;81
2016-04-13;3257
2017-03-17;439
2017-03-23;425
2017-11-21;283
2023-02-24;3521
2017-11-27;298
2020-11-04;273
2020-11-10;264
2021-07-11;189
2021-07-17;216
2022-06-20;1350
2014-05-27;2669
2015-04-30;8548
2015-05-06;8342
2016-02-19;4368
2017-06-25;41
2018-12-18;430
2023-06-04;1211
2018-12-24;207
2019-10-09;465
2019-10-15;472
2021-04-08;3561
2022-08-13;82
2023-05-29;3978
2014-10-20;432
2014-02-16;274
2016-05-29;235
2017-01-30;524
2017-10-06;313
2018-09-15;36
2020-01-17;1915
2020-12-26;185
2021-09-01;318
2022-05-05;4609
2023-12-13;1252
2015-03-15;4908
2016-01-04;2338
2014-07-12;198
2016-09-06;122
2018-03-01;366
2019-02-08;2499
2019-08-24;146
2020-08-02;151
2022-01-25;259
2022-09-28;103
2023-07-20;715
2014-03-31;3610
2014-09-13;104
2016-01-24;1360
2017-06-05;191
2018-02-21;394
2018-08-06;114
2021-04-28;3260
2022-09-08;166
2024-01-19;1996
2018-10-16;202
2019-03-31;2579
2019-07-04;1391
2019-12-17;651
2020-02-26;3605
2020-08-10;436
2014-08-21;271
2015-02-03;4811
2016-01-01;565
2016-06-15;323
2017-10-26;340
2019-07-27;316
2020-12-06;156
2022-04-18;6383
2022-10-01;38
2023-08-29;586
2024-02-11;2655
2014-05-19;4404
2015-04-13;14231
2015-06-26;724
2016-03-13;2058
2016-05-23;903
2017-02-05;212
2022-07-21;312
2023-04-08;3453
2023-06-21;1562
2018-01-03;289
2018-12-04;336
2019-10-29;534
2020-09-28;387
2021-08-26;362
2022-05-11;5214
2014-03-05;1023
2014-04-23;6471
2017-01-13;335
2017-03-03;401
2018-11-08;184
2018-12-27;538
2019-10-06;178
2019-11-24;201
2021-07-31;92
2021-09-18;125
2015-03-01;3445
2014-12-14;115
2016-04-25;3555
2016-07-05;265
2016-07-11;173
2016-12-24;118
2022-03-23;2830
2022-03-29;3637
2022-06-08;1647
2023-08-03;777
2017-11-15;151
2018-05-06;141
2020-05-28;817
2020-06-03;771
2020-11-16;374
2021-10-08;262
2014-10-09;337
2014-11-21;299
2015-03-24;14568
2016-02-13;2494
2014-10-03;275
2016-04-02;2001
2023-07-11;1001
2023-11-11;495
2023-12-24;485
2023-12-30;770
2020-10-24;107
2022-01-16;122
2022-02-28;549
2022-03-06;620
2022-07-01;503
2022-08-19;178
2016-07-28;152
2016-08-03;165
2016-09-15;183
2017-12-08;209
2018-01-26;312
2020-09-05;108
2014-05-13;4145
2014-11-01;131
2016-03-07;6159
2015-01-11;378
2016-08-23;135
2017-02-11;220
2022-02-08;479
2022-07-27;357
2023-09-21;959
2023-12-01;920
2018-06-18;221
2018-09-03;138
2020-01-29;2991
2020-04-15;2178
2021-08-20;327
2021-11-26;312
2014-06-05;1802
2016-12-01;369
2017-01-19;361
2018-05-26;106
2018-07-14;48
2018-09-26;156
2021-10-31;97
2018-11-14;255
2019-11-18;582
2020-01-06;1457
2020-03-20;2342
2020-05-08;1336
2021-09-12;123
2015-05-26;3687
2016-01-30;1794
2014-01-13;307
2014-09-19;280
2016-10-05;185
2017-06-11;42
2024-01-13;790
2018-02-15;393
2020-08-16;125
2021-04-22;3526
2021-12-27;848
2022-09-02;122
2023-05-09;7083
2015-02-09;6761
2014-12-22;489
2015-01-03;244
2016-05-03;2118
2016-05-15;474
2016-06-21;251
2022-05-19;2452
2022-05-31;1739
2023-08-23;840
2023-09-29;765
2023-10-11;827
2017-11-01;266
2019-03-14;3773
2019-07-21;276
2020-11-30;419
2021-01-18;847
2022-04-12;4921
2014-08-01;351
2016-08-17;159
2016-11-11;332
2017-04-23;124
2017-07-18;90
2018-06-24;87
2022-02-14;716
2019-02-28;2915
2019-08-04;117
2020-04-09;1598
2021-03-16;2738
2021-06-10;1227
2021-11-20;148
2014-01-27;469
2015-08-28;203
2015-10-16;453
2015-07-22;436
2015-09-09;239
2018-07-08;71
2023-01-23;1927
2023-02-04;990
2023-03-13;6559
2018-08-14;108
2018-08-26;30
2020-02-06;3725
2020-02-18;4863
2020-03-26;2095
2022-12-17;86
2014-06-19;427
2015-02-23;9836
2017-09-05;201
2018-05-12;164
2019-01-10;904
2019-01-16;1064
2019-09-16;562
2019-09-22;154
2020-05-22;1168
2021-01-26;858
2023-08-09;744
2014-11-09;112
2014-11-15;91
2017-12-14;316
2017-12-20;309
2019-04-20;3323
2019-04-26;7121
2023-11-23;1094
2024-01-05;962
2019-06-08;1442
2019-06-14;2671
2020-10-12;133
2020-10-18;107
2022-07-13;440
2023-11-17;844
2015-04-07;11058
2014-08-07;308
2015-12-12;429
2016-11-17;425
2017-07-24;109
2018-03-24;156
2023-06-27;1484
2018-11-28;335
2019-11-04;650
2020-07-10;506
2021-03-10;2436
2021-11-14;91
2022-10-21;80
2014-03-11;1424
2014-04-29;5844
2015-07-16;482
2015-09-03;229
2015-10-22;442
2014-01-21;396
2023-03-19;2648
2019-12-25;324
2020-02-12;4147
2020-04-01;2291
2021-08-06;224
2021-09-24;283
2023-01-29;726
2017-01-07;186
2017-02-25;152
2017-04-15;144
2018-07-02;152
2018-08-20;137
2018-10-08;144
2015-05-20;4107
2014-06-22;330
2016-04-16;1537
2017-03-14;483
2017-11-30;295
2018-02-09;306
2022-06-17;706
2023-05-15;6897
2018-10-28;64
2019-01-07;929
2019-09-25;370
2019-12-05;505
2020-08-22;68
2021-07-20;369
2015-06-12;1361
2016-01-13;2525
2014-07-15;561
2016-05-09;1701
2016-12-10;185
2017-04-06;373
2023-04-22;3186
2020-07-30;355
2020-11-24;336
2021-06-27;330
2021-10-22;287
2022-05-25;2560
2022-09-19;143
2017-11-07;331
2018-03-04;114
2018-10-05;151
2019-01-30;2036
2019-09-02;418
2019-12-28;448
2014-05-07;5013
2015-04-04;4702
2016-03-01;4907
2021-09-04;154
2022-08-02;455
2023-06-30;998
2014-05-30;2298
2015-04-27;12680
2016-03-24;3670
2017-02-19;198
2018-01-17;450
2019-10-18;467
2020-09-14;414
2021-08-12;302
2022-07-10;196
2023-06-07;2121
2014-01-10;242
2015-08-20;322
2017-06-14;159
2017-08-24;122
2017-08-30;152
2014-01-04;90
2021-04-19;4241
2022-11-27;69
2022-12-03;66
2023-02-12;1107
2015-11-05;465
2015-10-30;269
2019-04-09;6028
2019-06-25;2476
2021-02-01;1153
2021-02-07;453
2014-04-14;6208
2015-10-07;381
2015-10-13;446
2017-07-07;90
2017-08-07;115
2019-05-02;7759
2019-06-02;1753
2021-02-24;1868
2021-03-27;1045
2022-12-20;204
2022-12-26;201
2014-02-25;1150
2015-12-21;1322
2015-07-05;145
2017-04-29;83
2017-10-15;106
2019-02-22;3114
2019-08-10;266
2020-12-17;360
2021-06-04;1072
2022-10-12;58
2023-03-30;7937
2015-07-28;424
2015-11-28;333
2014-02-02;164
2017-05-22;213
2017-09-22;245
2019-03-17;1877
2019-07-18;641
2021-01-09;241
2021-05-12;2486
2022-11-04;94
2023-03-07;5161
2014-04-06;1287
2015-03-04;10570
2014-09-07;75
2016-04-22;1771
2017-03-20;478
2017-11-24;298
2023-05-21;1857
2023-07-31;707
2024-01-25;2733
2018-10-22;203
2019-12-11;550
2020-11-07;120
2021-07-14;550
2022-06-11;451
2023-02-27;4917
2014-07-09;248
2014-07-21;486
2015-06-18;1274
2016-01-07;2311
2016-12-04;184
2018-03-10;190
2023-04-16;3349
2019-02-05;2324
2019-08-27;416
2020-07-24;545
2021-07-03;237
2021-10-28;290
2022-09-25;54
2014-02-19;1008
2015-01-17;589
2015-06-29;846
2015-09-20;118
2014-10-23;325
2016-05-26;317
2022-05-08;2382
2023-01-12;1225
2023-04-05;7889
2023-09-15;650
2023-12-10;504
2019-05-25;2190
2019-08-16;349
2020-01-26;1245
2020-04-21;881
2020-12-23;348
2021-05-29;797
2016-06-07;435
2017-05-05;232
2017-10-09;368
2018-06-12;245
2018-09-06;100
2019-02-16;1377
2014-08-24;114
2016-07-25;149
2016-10-19;381
2016-10-31;316
2017-05-16;272
2017-09-28;279
2024-02-08;5403
2021-04-11;1352
2021-05-18;2436
2021-12-13;663
2022-03-09;1825
2022-11-10;124
2015-11-22;213
2018-04-13;343
2018-04-25;329
2019-03-23;2159
2019-07-12;955
2020-06-20;396
2021-01-03;43
2015-08-14;283
2014-12-08;443
2014-12-02;397
2016-07-17;68
2016-12-18;160
2018-07-28;50
2023-02-18;1370
2023-10-25;1101
2023-10-31;946
2015-11-11;555
2019-04-03;6046
2019-07-01;2275
2020-03-06;3509
2021-10-14;333
2022-03-17;2271
2022-11-21;172
2015-03-18;13529
2016-09-09;144
2017-07-01;38
2017-08-13;28
2018-06-04;196
2018-11-05;222
2019-11-27;572
2020-04-29;1802
2021-02-18;1663
2021-04-02;1369
2022-01-22;129
2023-07-17;795
2014-02-13;859
2015-01-23;2267
2015-09-29;337
2015-09-26;116
2016-06-01;580
2017-02-02;469
2021-08-29;100
2022-05-02;6309
2023-01-03;1273
2023-01-06;924
2023-09-09;342
2018-01-09;259
2018-09-12;131
2019-05-16;6998
2019-05-19;2973
2020-01-20;2663
2020-09-22;261
2015-05-03;3291
2016-02-22;5657
2014-08-30;104
2016-10-25;331
2017-06-28;139
2017-08-16;114
2021-12-07;476
2022-08-10;209
2023-06-01;2694
2024-02-02;3685
2018-04-19;314
2018-12-21;411
2019-10-12;167
2020-06-14;353
2021-02-15;1657
2021-04-05;4676
2015-02-26;8109
2015-08-11;319
2016-07-08;136
2016-12-21;322
2017-09-08;102
2017-11-18;111
2022-03-26;1378
2023-02-21;1681
2023-08-06;320
2018-05-03;379
2019-01-19;540
2019-09-13;350
2020-05-31;306
2020-11-13;282
2021-10-11;162
2014-03-08;542
2015-07-19;91
2016-11-28;496
2017-05-13;92
2018-04-10;403
2020-01-09;1405
2020-06-23;806
2021-05-21;1858
2021-11-03;359
2023-03-16;5883
2014-05-16;3801
2014-07-29;451
2015-04-16;11707
2016-03-10;5120
2017-02-08;451
2018-01-06;152
2018-12-01;126
2019-11-01;394
2020-09-25;301
2021-08-23;388
2022-07-24;126
2023-06-18;652
2015-01-31;1546
2015-03-21;5228
2015-05-09;2742
2016-02-16;4714
2016-04-05;4082
2017-12-11;319
2023-07-14;647
2023-09-01;588
2018-01-29;446
2020-09-02;307
2020-10-21;315
2022-06-28;680
2022-08-16;255
2022-10-04;127
2014-03-28;2971
2014-09-10;342
2016-01-21;2959
2014-09-16;340
2016-10-08;100
2018-02-18;139
2022-09-11;46
2024-01-16;1936
2024-01-22;2948
2018-08-03;85
2018-10-19;173
2019-12-14;330
2020-02-29;1986
2020-08-13;393
2021-12-24;297
2014-04-20;2178
2014-06-08;517
2017-01-16;364
2018-05-23;198
2018-05-29;221
2018-07-11;107
2020-05-05;1928
2020-05-11;2055
2021-09-15;339
2018-07-17;135
2018-11-11;97
2018-12-30;282
2019-10-03;465
2019-11-21;534
2020-03-23;2399
2014-10-29;426
2015-01-14;1411
2016-08-26;115
2016-11-08;380
2017-12-31;77
2018-06-21;158
2023-09-18;1006
2023-12-04;1152
2018-12-07;326
2019-10-26;206
2020-04-12;724
2020-10-01;300
2021-11-23;427
2022-02-05;144
2014-08-18;397
2014-10-06;340
2015-02-06;4332
2015-03-27;12303
2016-03-30;4937
2016-07-31;50
2024-02-14;5969
2022-03-03;1390
2022-07-04;754
2023-07-08;469
2023-08-26;277
2023-10-14;402
2023-12-27;1583
2016-09-18;72
2018-01-23;477
2018-03-13;388
2020-07-21;518
2020-09-08;372
2022-01-13;251
2014-06-16;1665
2014-06-28;293
2016-12-27;404
2017-09-02;79
2018-05-09;320
2019-01-13;457
2019-09-19;466
2020-05-25;461
2021-01-29;811
2021-10-05;323
2023-08-12;350
2014-03-14;1483
2015-06-06;769
2015-07-25;100
2015-12-01;805
2017-04-12;378
2018-08-23;132
2023-04-28;5363
2014-01-24;346
2018-09-29;83
2020-01-03;1066
2020-02-09;1741
2021-06-21;1059
2022-11-01;112
2023-03-10;4675
2015-12-15;1202
2016-08-20;48
2017-07-15;46
2017-07-27;112
2018-03-21;358
2018-04-02;390
2020-07-01;613
2020-07-13;781
2021-03-07;949
2021-03-19;2282
2022-02-11;465
2022-10-18;125
2014-11-18;353
2014-09-30;346
2014-12-25;132
2016-06-18;120
2016-08-06;56
2017-09-16;90
2022-04-15;1914
2023-10-08;397
2023-11-14;925
2024-01-02;456
2019-03-11;4027
2019-04-29;8584
2019-06-05;3189
2019-07-24;719
2021-01-15;542
2022-02-25;705
2014-09-22;345
2015-05-23;1353
2015-05-29;2276
2016-01-27;3105
2016-02-02;3804
2016-09-26;238
2021-12-30;589
2022-01-05;162
2022-08-30;147
2022-09-05;144
2023-05-06;2889
2023-05-12;4860
2016-10-02;64
2017-06-02;137
2017-06-08;186
2020-08-25;253
2021-04-25;1408
2021-05-01;1247
2014-04-26;2808
2015-08-31;386
2015-10-19;498
2015-09-06;69
2017-01-10;416
2017-02-22;510
2022-12-14;213
2023-01-26;1744
2023-02-01;2092
2017-02-28;256
2018-07-05;117
2020-03-29;839
2021-08-03;291
2021-08-09;327
2021-09-21;410
2014-08-04;500
2015-04-10;11445
2015-12-09;1100
2016-03-16;5028
2016-11-20;156
2017-07-21;84
2021-11-11;332
2022-02-17;581
2022-10-24;168
2023-06-24;667
2018-03-27;311
2018-11-25;89
2019-03-03;1569
2019-11-07;436
2020-07-07;649
2021-03-13;1093
2014-12-31;247
2014-11-12;416
2016-05-06;1642
2016-06-24;236
2017-10-29;97
2017-12-17;137
2023-10-02;1078
2023-11-20;526
2019-04-23;8089
2019-06-11;3559
2020-10-15;283
2020-12-03;370
2022-04-09;1868
2022-05-28;747
2014-07-16;507
2014-09-25;260
2015-06-13;448
2015-08-23;99
2016-05-10;1388
2016-07-20;123
2022-09-20;119
2023-08-18;638
2017-04-07;306
2018-03-05;444
2019-01-31;1999
2019-12-29;446
2020-11-25;364
2021-10-23;157
2014-09-02;340
2016-06-02;576
2017-04-30;94
2018-03-28;395
2019-02-23;1589
2020-01-21;2673
2020-12-18;349
2021-11-15;173
2022-10-13;140
2023-05-16;5880
2023-09-10;368
2014-05-31;863
2015-04-28;11578
2016-03-25;1928
2017-02-20;607
2018-01-18;505
2018-12-16;173
2019-11-13;484
2020-10-10;132
2021-09-07;157
2022-08-05;240
2023-07-03;1161
2014-06-23;990
2015-05-21;3809
2016-04-17;1371
2017-03-15;533
2018-02-10;171
2019-01-08;837
2019-12-06;518
2020-11-02;118
2021-09-30;320
2022-08-28;60
2023-07-26;721
2014-04-15;4920
2015-11-23;830
2016-02-08;2116
2014-01-28;488
2017-09-17;75
2017-09-23;123
2022-12-21;208
2023-03-02;4179
2023-03-08;5184
2017-12-03;123
2019-07-13;447
2019-07-19;612
2019-09-28;154
2021-05-07;2389
2021-05-13;2072
2014-05-08;4535
2015-03-30;14871
2016-03-02;5023
2017-08-25;136
2017-08-31;155
2017-12-26;234
2021-08-15;109
2023-02-07;2510
2023-02-13;3636
2015-10-31;128
2015-11-06;469
2014-01-05;85
2019-06-20;1163
2019-06-26;2393
2019-10-21;471
2021-04-14;3270
2021-04-20;3489
2014-02-28;981
2015-04-22;13189
2015-10-08;413
2017-02-14;536
2017-08-02;106
2019-03-18;5124
2019-05-28;5465
2021-01-10;205
2021-03-22;3421
2021-06-28;866
2022-11-05;40
2023-04-23;3264
2014-03-23;841
2015-05-15;4543
2016-01-16;1274
2015-09-15;284
2017-03-09;476
2017-07-10;141
2021-06-05;597
2022-11-28;147
2023-03-31;7098
2017-11-10;276
2019-01-02;633
2019-05-05;3324
2019-08-11;184
2020-10-27;311
2021-02-02;1034
2014-07-10;596
2016-07-26;173
2017-04-01;154
2017-06-23;124
2018-02-27;390
2019-10-13;234
2022-09-26;118
2023-06-02;2420
2020-03-15;1542
2020-09-09;310
2020-11-19;282
2021-02-10;1383
2021-10-17;127
2021-10-29;211
2015-06-30;1042
2015-08-06;336
2014-09-08;333
2016-05-27;346
2017-11-25;102
2018-04-28;116
2022-10-07;99
2023-09-04;931
2023-09-16;389
2018-10-23;207
2019-02-17;1401
2019-03-26;5556
2020-01-15;1867
2021-07-15;467
2022-06-12;394
2014-08-25;353
2015-10-02;357
2016-01-08;1979
2016-09-10;82
2016-12-05;432
2017-05-17;239
2021-03-28;1005
2021-12-02;428
2023-04-17;9879
2023-12-19;1308
2017-08-08;108
2018-04-14;165
2019-08-28;410
2020-04-30;1785
2020-07-25;200
2021-01-04;145
2014-02-20;1168
2014-10-24;322
2015-01-18;542
2015-08-15;84
2015-09-21;399
2016-07-12;163
2021-05-30;630
2022-01-31;404
2022-04-27;5046
2022-11-22;177
2022-12-29;203
2023-10-20;822
2017-10-10;343
2018-06-13;204
2018-09-07;33
2019-04-04;6112
2019-05-11;3441
2020-03-01;1879
2014-04-09;4674
2015-03-13;12670
2015-03-19;12651
2015-11-17;649
2016-10-20;294
2017-07-02;34
2022-06-26;238
2024-01-28;1814
2024-02-03;2505
2018-10-31;168
2018-11-06;211
2019-07-07;353
2020-06-09;925
2020-06-15;1110
2021-02-19;1637
2013-12-30;181
2014-12-03;400
2014-12-09;457
2016-02-25;5001
2017-01-28;208
2017-02-03;380
2022-03-12;833
2022-03-18;2265
2023-01-07;469
2023-02-19;1114
2017-08-19;40
2018-07-23;139
2018-07-29;41
2019-05-20;8705
2020-09-17;291
2020-09-23;268
2014-05-25;828
2015-01-26;3829
2016-01-02;774
2016-09-04;48
2017-05-08;303
2018-01-12;329
2021-12-08;440
2022-08-11;165
2023-04-11;8879
2018-04-20;264
2018-12-22;220
2019-08-22;380
2020-04-24;1998
2021-04-03;1325
2021-04-06;3804
2014-02-14;715
2015-06-21;327
2014-10-18;112
2016-04-11;4155
2016-12-13;390
2017-10-04;294
2023-01-04;1040
2023-10-26;990
2018-06-07;185
2019-05-17;6567
2019-11-30;249
2020-11-08;130
2021-05-24;1972
2022-05-03;5928
2015-03-22;4550
2015-06-01;3018
2016-02-17;4729
2014-10-07;302
2016-08-01;177
2016-10-11;212
2022-06-29;655
2023-05-27;1687
2023-11-09;1119
2014-01-19;120
2017-03-26;156
2017-12-12;292
2019-04-24;7712
2020-09-03;300
2021-02-16;1637
2022-01-14;240
2015-01-09;1045
2015-02-27;7932
2015-06-24;831
2015-08-12;273
2016-05-21;317
2016-07-09;73
2019-09-14;205
2021-01-24;299
2022-06-06;1901
2022-11-19;55
2023-10-17;1068
2016-11-03;329
2016-12-22;325
2017-10-01;96
2017-11-19;98
2018-03-16;344
2018-05-04;329
2015-02-01;1385
2015-07-20;530
2015-12-30;1314
2017-05-14;68
2017-10-24;276
2018-04-11;405
2022-10-27;143
2023-07-15;367
2018-12-25;171
2019-11-22;538
2020-02-04;3680
2020-07-16;521
2021-09-16;322
2022-08-17;252
2014-03-29;1359
2014-06-11;1462
2016-01-22;2926
2016-03-11;4321
2014-07-30;363
2017-04-21;157
2021-07-06;542
2021-08-24;397
2021-11-06;178
2023-05-01;3404
2023-06-19;1726
2023-08-07;811
2018-10-14;74
2018-12-02;114
2019-02-14;2937
2020-01-12;672
2020-08-08;159
2020-09-26;147
2014-04-21;3081
2014-07-01;734
2014-12-20;153
2017-01-17;378
2018-05-24;231
2018-05-30;189
2023-08-27;219
2024-02-09;5124
2018-11-12;274
2019-01-22;1461
2019-10-04;402
2020-03-18;3208
2020-03-24;2037
2021-07-29;205
2014-11-27;357
2015-05-12;6203
2016-08-21;35
2016-09-21;179
2018-01-01;79
2018-06-16;57
2019-10-27;168
2022-07-25;436
2023-11-29;1048
2023-12-05;1188
2024-01-17;2011
2015-02-07;1897
2015-04-19;3992
2014-08-19;292
2016-03-31;4454
2016-06-13;314
2016-11-29;442
2022-03-04;1195
2022-05-17;3471
2023-07-09;408
2023-12-28;1408
2018-01-24;499
2018-04-05;315
2018-07-12;102
2018-09-24;167
2020-05-06;1777
2020-07-22;550
2014-07-24;440
2014-09-11;277
2018-09-01;66
2018-10-20;79
2020-02-24;2612
2020-04-13;2859
2020-06-26;682
2020-08-14;392
2021-10-06;275
2021-12-19;300
2022-02-06;172
2023-08-01;716
2014-10-01;326
2015-06-07;683
2017-12-06;328
2018-08-12;34
2019-04-18;5627
2019-12-23;635
2023-03-11;2136
2023-11-15;453
2014-01-25;134
2020-01-04;657
2020-08-28;279
2021-05-04;3111
2022-01-08;103
2022-07-05;646
2022-09-14;119
2015-02-21;3336
2016-07-03;85
2016-11-09;407
2018-03-22;338
2018-05-10;294
2019-08-02;581
2019-09-08;149
2019-09-20;480
2020-12-12;157
2021-01-30;410
2022-10-19;95
2024-02-17;3746
2014-08-13;332
2014-11-07;291
2015-10-14;444
2014-03-03;548
2016-06-19;86
2016-11-23;345
2022-02-26;342
2023-01-21;639
2023-09-27;974
2017-07-30;37
2018-07-06;139
2018-09-30;55
2019-03-12;3874
2019-06-06;3235
2021-06-22;889
2015-10-28;419
2015-12-04;815
2015-12-16;1239
2017-05-28;92
2017-06-09;186
2017-07-16;39
2022-02-12;195
2023-03-25;3262
2017-09-03;65
2020-04-07;2118
2020-05-14;1280
2020-05-26;1053
2020-07-02;492
2021-12-25;213
2015-09-01;318
2014-12-26;243
2016-05-01;847
2016-05-07;713
2017-01-05;431
2017-01-11;394
2022-12-09;98
2022-12-15;218
2023-08-15;758
2017-09-11;214
2018-05-18;295
2020-11-28;161
2021-08-04;247
2022-04-04;4552
2022-04-10;2025
2015-04-05;3942
2015-04-11;5444
2015-05-24;1139
2016-08-09;161
2016-08-15;156
2016-09-27;161
2021-04-26;4245
2022-07-19;417
2022-08-31;134
2022-09-06;134
2024-01-11;1231
2016-10-03;207
2018-02-01;433
2018-02-07;369
2019-11-02;201
2021-03-08;2852
2021-03-14;940
2014-11-13;392
2015-07-14;512
2016-03-19;2549
2014-03-09;450
2017-02-23;461
2017-10-30;342
2023-01-27;1768
2023-10-03;1045
2018-06-30;69
2019-03-06;3538
2020-02-10;4783
2020-10-16;241
2021-06-16;1048
2022-02-20;282
2014-06-17;951
2015-12-10;1091
2016-01-28;3254
2014-08-05;336
2017-06-03;76
2017-07-22;38
2023-05-07;2830
2023-06-25;586
2018-11-26;317
2019-01-14;1067
2020-05-20;1260
2020-07-08;659
2021-11-12;266
2021-12-31;333
2014-01-31;488
2014-04-12;2242
2014-12-29;787
2015-03-10;11823
2015-11-26;719
2016-02-05;3423
2021-05-10;3221
2022-04-07;3638
2023-03-05;1861
2024-01-31;3616
2016-10-23;114
2017-01-02;362
2017-09-20;250
2018-08-18;47
2019-07-16;967
2020-06-12;598
2014-03-20;1999
2015-02-15;2246
2016-11-15;158
2017-10-13;215
2018-09-10;114
2019-08-08;549
2020-07-05;247
2021-06-02;1353
2022-04-30;2583
2023-03-28;8223
2023-10-29;442
2024-02-23;4697
2014-05-28;2541
2015-04-25;4401
2016-03-22;5356
2017-02-17;478
2018-01-15;428
2018-10-03;187
2021-12-11;276
2022-05-23;3450
2022-11-08;138
2023-04-20;5995
2023-10-06;886
2018-12-13;415
2019-08-31;155
2019-11-10;191
2020-07-28;510
2020-10-07;336
2021-06-25;679
2014-05-05;6662
2015-04-02;8917
2016-02-28;2341
2017-01-25;447
2017-12-23;81
2018-11-20;189
2022-06-15;1128
2022-10-16;72
2023-05-13;2514
2023-09-13;837
2019-02-26;3414
2020-01-24;2405
2020-08-20;281
2020-12-21;432
2021-07-18;178
2021-11-18;426
2015-06-10;1917
2015-08-26;260
2017-04-04;449
2017-06-20;183
2018-03-08;309
2019-01-28;2245
2023-08-21;873
2019-04-15;7772
2020-01-01;436
2020-11-22;123
2021-10-26;279
2022-07-08;431
2022-09-17;47
2015-05-18;5528
2015-09-18;350
2015-09-12;73
2016-04-20;2972
2017-03-12;190
2017-07-13;91
2021-10-03;110
2022-08-25;169
2023-07-29;322
2018-02-13;153
2019-01-05;354
2019-05-08;7336
2019-12-09;739
2020-10-30;164
2021-03-02;2425
2014-06-03;2123
2015-07-26;117
2016-03-28;5578
2015-10-11;122
2017-05-20;70
2017-08-05;36
2021-09-10;268
2022-11-02;43
2023-01-18;1463
2023-07-06;920
2018-01-21;192
2019-03-15;3637
2019-05-31;4497
2019-11-16;251
2021-01-07;394
2021-03-25;2869
2014-05-11;1114
2015-07-03;662
2015-11-03;556
2016-03-05;2476
2017-04-27;242
2017-08-28;165
2021-08-18;397
2022-10-10;113
2023-02-10;2546
2023-06-13;2132
2014-01-08;277
2017-12-29;180
2019-02-20;3444
2019-06-23;861
2019-10-24;362
2020-12-15;384
2021-04-17;1477
2015-03-16;15521
2016-02-11;4802
2015-11-20;376
2016-10-17;334
2018-11-03;85
2019-07-10;1326
2022-06-23;721
2024-02-06;5286
2019-10-01;436
2020-06-06;348
2020-06-18;730
2021-02-22;2073
2021-05-16;837
2022-01-20;321
2014-02-17;1032
2014-03-26;2669
2015-01-15;1501
2016-12-16;260
2017-10-07;120
2017-11-13;367
2022-05-06;4443
2022-11-25;135
2023-04-03;9529
2023-10-23;1210
2018-09-04;90
2019-04-07;2654
2020-03-04;4114
2020-08-05;355
2021-05-27;1617
2022-04-24;2258
2015-01-29;3722
2015-10-05;394
2015-12-27;562
2016-09-01;157
2016-09-13;215
2017-08-11;86
2018-09-18;137
2020-05-03;688
2021-03-31;3169
2023-12-22;992
2014-09-05;220
2015-08-03;437
2014-01-02;195
2014-11-30;117
2017-08-22;124
2018-07-20;130
2014-02-08;182
2018-08-01;124
2019-06-29;1003
2022-03-21;2929
2023-01-10;1251
2023-02-16;3416
2023-12-08;887
2014-07-07;827
2014-07-13;183
2016-07-23;50
2017-06-26;163
2018-02-24;154
2018-03-02;371
2022-09-29;87
2023-05-30;3185
2023-06-05;3230
2019-02-03;931
2019-10-10;408
2020-03-12;3828
2021-02-13;621
2021-10-20;276
2022-09-23;118
2014-10-15;298
2015-09-24;393
2014-10-21;393
2016-04-08;3551
2016-04-14;3536
2017-03-18;183
2022-01-28;296
2023-01-01;297
2023-07-23;330
2018-06-10;66
2019-05-14;8328
2019-12-03;521
2020-11-05;267
2020-11-11;302
2021-08-27;294
2014-05-22;3450
2015-05-01;3669
2016-01-05;2196
2016-09-07;65
2017-05-11;236
2018-04-17;299
2023-04-14;7080
2023-12-16;559
2018-12-19;428
2019-08-25;150
2020-04-27;2549
2020-12-29;453
2021-12-05;191
2022-08-08;338
2014-12-06;142
2015-08-09;87
2016-05-30;796
2017-01-31;465
2017-11-22;277
2018-07-26;102
2023-09-07;362
2019-03-29;4670
2020-01-18;991
2020-09-20;158
2021-07-12;582
2022-03-15;2247
2022-11-16;158
2014-04-24;6452
2014-12-17;409
2014-07-04;496
2015-09-04;217
2016-04-28;2236
2017-01-14;157
2022-12-12;196
2015-11-14;227
2017-06-29;119
2018-05-27;88
2018-11-09;176
2019-10-07;438
2020-03-21;770
2021-08-01;96
2014-04-01;3336
2014-09-14;98
2015-12-07;997
2016-01-25;3371
2014-07-27;96
2014-02-11;750
2020-02-27;4361
2020-08-11;350
2021-07-09;216
2021-12-22;636
2023-05-04;6444
2017-04-18;358
2017-06-06;225
2018-08-29;127
2018-10-17;206
2019-02-11;3371
2019-04-01;6294
2014-03-06;1433
2014-08-22;293
2016-06-16;369
2016-11-26;142
2018-09-21;112
2019-03-09;1829
2022-08-14;74
2023-07-12;924
2023-09-24;415
2019-08-19;487
2020-10-19;352
2021-01-01;150
2021-06-13;397
2021-09-19;151
2021-11-29;515
2015-02-24;8734
2015-06-27;258
2016-05-24;716
2016-12-19;361
2017-02-06;501
2017-11-16;351
2022-07-22;429
2018-01-04;304
2018-03-19;406
2019-09-11;406
2019-10-30;426
2020-12-09;368
2022-06-03;1362
2015-06-04;815
2016-02-14;2281
2014-10-04;93
2016-07-29;127
2016-10-14;187
2017-03-29;398
2023-05-24;4217
2023-11-06;1055
2023-11-12;466
2017-12-09;135
2018-08-09;106
2020-09-06;111
2022-01-11;237
2022-01-17;355
2022-07-02;242
2014-05-14;4348
2016-03-08;5635
2014-10-27;271
2017-03-06;555
2020-04-10;759
2020-04-16;2107
2022-03-24;2750
2023-06-16;1466
2023-08-04;703
2020-05-29;785
2020-09-29;328
2021-08-21;132
2021-10-09;108
2022-02-03;417
2022-02-09;459
2015-02-04;4216
2014-08-16;114
2016-06-10;435
2016-12-02;334
2018-04-08;150
2018-09-27;152
2023-12-25;549
2019-11-19;504
2020-02-01;1455
2020-07-19;195
2021-09-13;372
2022-03-01;487
2022-05-14;1840
2014-11-24;420
2015-01-12;1518
2015-03-02;10774
2016-05-18;1058
2016-07-06;244
2016-08-24;134
2022-04-21;2611
2022-06-09;1332
2022-07-28;340
2023-12-02;545
2024-01-20;1142
2016-11-06;122
2016-12-25;142
2018-02-16;365
2018-05-01;152
2018-06-19;157
2019-12-12;622
2014-04-18;2677
2014-12-23;323
2015-08-29;83
2016-05-04;1985
2017-01-08;153
2017-09-14;220
2022-04-01;2998
2022-04-13;4451
2022-12-06;193
2022-12-18;76
2023-08-24;849
2018-05-21;275
2019-01-25;1313
2020-03-27;2141
2020-12-01;391
2021-07-26;426
2021-08-07;111
2015-12-13;450
2016-01-19;2987
2014-08-02;130
2017-04-24;387
2017-05-31;225
2018-10-11;128
2023-03-22;7051
2023-05-10;6677
2020-02-21;3820
2020-06-29;761
2020-08-17;418
2021-11-09;345
2021-11-21;133
2021-12-28;805
2014-11-04;310
2015-07-23;443
2015-10-17;154
2015-07-11;159
2014-11-16;91
2017-10-21;147
2022-05-20;2474
2022-10-30;50
2023-01-24;1694
2023-12-31;22
2017-11-02;106
2018-06-27;183
2018-07-09;71
2019-06-03;4402
2020-02-07;3550
2022-02-23;816
2015-01-06;1041
2016-06-30;180
2016-08-18;177
2016-09-24;80
2016-11-12;154
2018-05-07;346
2024-01-14;805
2024-02-20;7831
2019-06-17;3242
2019-08-05;562
2021-01-27;821
2021-03-05;2082
2021-04-23;3153
2023-11-26;418
2014-09-28;112
2017-04-10;431
2017-12-15;295
2018-08-15;128
2018-08-21;142
2014-01-22;423
2023-03-14;5953
2023-11-18;429
2019-04-21;2902
2019-04-27;3916
2019-12-20;646
2019-12-26;702
2014-01-16;320
2020-08-31;346
2014-05-02;4184
2014-06-14;511
2014-06-20;660
2017-07-19;93
2018-11-23;273
2018-11-29;281
2023-06-22;1523
2019-01-11;708
2015-10-25;118
2020-04-04;891
2020-05-17;524
2020-05-23;448
2021-09-27;373
2014-03-12;1368
2015-07-17;416
2014-11-10;384
2016-06-22;224
2017-02-26;142
2017-10-27;268
2023-01-30;2281
2023-09-30;420
2018-07-03;201
2019-06-09;1381
2020-02-13;4361
2020-10-13;354
2021-06-19;369
2022-05-26;2133
2015-02-18;5914
2015-04-08;11061
2016-08-12;123
2016-09-30;162
2018-02-04;134
2018-03-25;143
2024-01-08;1421
2019-07-30;654
2019-09-17;461
2021-01-21;705
2021-03-11;2418
2022-07-16;149
2022-09-03;53
2014-05-06;5443
2015-04-03;4388
2016-02-29;6098
2017-01-26;442
2017-12-24;82
2018-11-21;314
2023-06-08;976
2024-02-24;1968
2019-10-19;217
2020-09-15;333
2021-08-13;255
2022-05-01;2198
2022-07-11;499
2023-03-29;8199
2014-04-13;1676
2015-03-11;12221
2015-07-06;684
2016-02-06;1837
2014-08-08;265
2017-01-03;396
2017-12-01;240
2018-10-29;240
2019-09-26;381
2020-08-23;86
2021-07-21;380
2022-06-18;405
2015-05-19;4526
2016-04-15;2996
2017-03-13;534
2018-02-08;411
2019-01-06;351
2019-12-04;571
2020-10-31;109
2021-09-28;409
2022-08-26;155
2023-07-24;865
2014-05-29;2638
2015-04-26;3595
2016-03-23;4827
2017-02-18;219
2018-01-16;397
2018-12-14;364
2019-11-11;575
2020-10-08;292
2021-09-05;127
2022-08-03;338
2023-07-01;557
2015-09-19;110
2015-11-29;291
2015-09-13;59
2017-07-08;44
2017-07-14;84
2014-02-03;595
2022-12-27;244
2019-05-03;7414
2019-05-09;6941
2020-12-16;366
2021-02-25;1922
2021-03-03;2319
2022-10-11;120
2014-01-11;105
2015-10-12;131
2015-10-06;384
2017-04-05;435
2017-07-31;105
2017-08-06;29
2022-09-18;42
2023-01-13;1098
2023-01-19;1380
2023-08-22;910
2019-01-29;2169
2019-05-26;2110
2019-06-01;2044
2020-11-23;330
2021-03-20;1084
2021-03-26;2705
2014-03-21;1863
2015-07-29;418
2016-01-14;2534
2017-05-23;196
2017-11-08;328
2019-06-24;2882
2019-09-03;345
2021-04-18;1340
2021-10-04;322
2023-02-11;1187
2023-07-30;303
2014-02-26;1064
2015-08-21;269
2015-12-22;1152
2017-06-15;61
2017-10-16;377
2019-04-10;6099
2019-11-17;203
2021-05-11;2726
2021-09-11;120
2022-11-03;123
2023-03-06;5761
2023-07-07;806
2014-07-22;530
2015-06-19;889
2016-02-23;4782
2017-01-20;273
2017-02-01;418
2017-10-08;114
2021-08-19;312
2022-04-25;6454
2017-12-30;141
2018-03-11;137
2018-09-05;110
2019-02-06;2388
2020-09-21;336
2021-05-28;1699
2014-04-07;4529
2015-03-05;10848
2015-03-17;14428
2016-02-12;4526
2016-06-08;357
2017-05-06;108
2022-06-24;687
2023-04-15;3450
2023-05-22;5701
2018-11-04;79
2019-08-26;454
2019-10-02;463
2020-01-27;3811
2020-07-23;488
2020-12-24;161
2014-03-27;2854
2014-12-01;440
2014-09-06;94
2015-08-04;372
2014-01-03;202
2016-12-17;159
2021-04-12;4458
2021-07-04;194
2021-12-14;651
2022-03-10;1744
2022-11-11;124
2017-08-23;126
2017-11-14;264
2018-04-26;280
2018-07-21;47
2019-03-24;2417
2020-08-06;334
2015-01-30;3515
2015-12-28;1601
2016-07-24;62
2016-10-18;321
2017-06-21;148
2018-09-19;109
2022-05-09;7118
2023-02-28;4336
2023-04-06;6043
2023-11-01;821
2024-01-26;3068
2015-11-21;231
2019-07-11;1065
2019-08-17;235
2020-03-13;3521
2020-06-07;314
2021-02-08;1468
2014-10-16;360
2014-10-22;334
2016-05-25;823
2016-10-26;306
2017-09-29;282
2018-06-05;180
2022-01-29;121
2023-01-02;832
2023-09-02;355
2023-09-08;464
2014-02-09;221
2018-06-11;226
2019-05-15;7645
2020-01-13;2073
2020-01-19;1045
2021-05-19;2254
2022-01-23;109
2015-09-30;344
2015-11-12;556
2014-07-08;472
2016-09-02;132
2016-09-08;125
2018-02-25;147
2022-09-24;38
2023-12-11;1332
2023-12-17;577
2018-03-03;164
2019-07-02;2129
2020-04-22;2776
2020-04-28;1919
2021-10-15;331
2021-10-21;270
2015-05-04;10853
2015-08-10;394
2014-08-31;75
2016-04-09;1659
2016-12-11;148
2017-08-14;117
2021-07-13;551
2022-03-16;2183
2022-11-17;184
2023-07-18;791
2023-10-24;1089
2017-08-17;115
2018-07-27;108
2019-03-30;2407
2019-11-28;463
2020-07-31;388
2020-11-06;254
2014-05-23;2667
2015-01-24;1099
2015-09-27;101
2016-07-18;175
2017-03-21;415
2017-06-27;152
2024-02-01;3864
2015-11-15;211
2021-02-14;634
2021-08-30;315
2021-12-06;596
2022-08-09;322
2023-02-22;3524
2023-05-31;2687
2018-01-10;322
2018-09-13;118
2018-12-20;422
2019-07-05;1090
2020-03-07;1799
2020-06-13;389
2014-02-12;833
2014-07-28;421
2015-12-08;892
2017-04-19;362
2018-08-30;129
2019-02-12;2819
2023-03-17;5341
2023-12-03;485
2020-01-10;1372
2020-06-24;810
2021-05-22;756
2021-11-04;346
2022-07-23;162
2023-01-05;1125
2014-03-07;1281
2015-07-18;136
2016-11-27;151
2017-05-12;197
2018-04-09;370
2018-09-22;41
2022-12-13;168
2019-08-20;441
2020-02-02;1414
2020-03-22;677
2021-06-14;1313
2021-08-02;340
2022-10-25;152
2014-06-09;1759
2015-02-25;8374
2015-05-10;2154
2016-04-06;3865
2016-12-20;311
2017-03-01;457
2021-12-23;526
2022-06-04;630
2017-11-17;264
2018-01-30;429
2019-04-02;5952
2019-09-12;423
2020-02-28;4124
2020-10-22;284
2014-05-17;1659
2014-07-05;297
2016-04-29;1749
2016-06-17;260
2017-12-10;127
2019-01-20;675
2022-06-27;758
2023-05-25;4024
2023-09-25;1009
2019-03-10;1584
2020-09-01;300
2020-11-14;144
2021-01-02;185
2021-10-12;125
2021-11-30;424
2015-01-07;1027
2015-01-13;1350
2015-06-28;217
2016-05-19;793
2016-11-01;279
2016-11-07;432
2022-04-22;3307
2022-10-05;131
2023-06-17;644
2024-02-15;6567
2018-03-14;362
2020-04-11;872
2020-12-10;367
2021-08-22;138
2022-02-04;417
2022-04-16;1963
2015-04-17;10127
2015-06-05;1185
2016-08-27;63
2016-10-09;84
2016-10-15;99
2017-02-09;480
2021-09-14;340
2022-09-12;207
2024-01-23;2651
2017-03-30;457
2018-02-19;425
2018-06-22;137
2018-08-04;48
2018-08-10;85
2019-12-15;358
2014-11-25;427
2014-09-09;296
2016-07-07;231
2016-09-19;223
2017-03-07;434
2018-05-02;393
2023-10-15;451
2018-10-18;199
2018-12-31;267
2020-02-22;1759
2020-08-12;378
2021-12-17;559
2022-06-10;1268
2014-12-18;415
2014-10-30;315
2014-08-17;86
2014-06-29;283
2016-04-23;1345
2016-06-11;97
2022-03-27;1385
2022-05-15;1662
2023-09-19;1066
2023-11-07;1044
2018-12-08;138
2020-06-01;1075
2020-07-20;656
2020-10-02;279
2021-11-24;376
2022-01-12;239
2015-03-28;5405
2015-12-02;900
2016-08-07;60
2016-08-19;168
2017-04-13;299
2017-04-25;384
2021-11-10;310
2022-07-17;136
2023-03-23;7509
2023-11-27;1242
2017-12-18;303
2018-08-24;102
2019-04-30;7368
2019-10-25;365
2020-06-30;701
2021-03-06;962
2014-04-19;2603
2015-07-12;141
2015-08-30;83
2014-03-01;450
2016-11-21;443
2016-12-28;404
2021-06-20;331
2021-07-27;443
2022-10-31;153
2022-12-07;152
2017-01-09;468
2018-04-03;342
2018-05-22;219
2018-09-28;130
2020-02-08;1975
2021-06-08;1410
2014-03-15;716
2016-01-20;2740
2014-11-19;369
2016-07-01;194
2016-09-25;61
2018-10-12;76
2023-04-29;2641
2023-10-09;1063
2024-01-03;745
2024-01-15;2093
2015-10-26;452
2019-06-18;2824
2020-05-12;1587
2021-01-16;294
2021-01-28;877
2023-02-02;2093
2014-09-17;319
2014-09-29;362
2014-11-05;358
2014-12-24;148
2017-07-28;98
2017-09-15;202
2022-04-02;1670
2022-05-21;1268
2023-11-13;1079
2017-10-22;110
2019-04-16;7239
2019-06-04;3574
2020-07-14;617
2022-01-06;215
2022-02-24;724
2014-04-27;1790
2014-05-03;2568
2015-01-01;166
2015-09-07;104
2018-03-20;387
2018-11-24;125
2024-02-21;6712
2019-07-25;684
2019-07-31;607
2020-03-30;3040
2020-04-05;740
2020-12-04;309
2021-08-10;376
2015-05-30;968
2017-02-21;562
2018-06-28;179
2018-07-04;166
2018-08-16;116
2014-01-23;373
2019-11-08;428
2019-12-21;354
2019-12-27;694
2021-05-02;1205
2023-01-25;1769
2014-01-17;330
2014-06-15;441
2015-02-19;7314
2015-10-20;442
2016-06-25;78
2017-06-01;196
2018-02-05;499
2023-05-05;5921
2024-01-09;1356
2018-10-06;68
2019-06-12;3196
2020-05-18;1700
2021-01-22;647
2021-09-22;321
2022-05-29;704
2014-11-11;399
2016-03-17;5047
2014-09-23;291
2016-05-05;1945
2017-09-09;78
2017-10-28;136
2023-08-13;265
2023-10-01;375
2019-03-04;2087
2019-04-22;8960
2020-08-26;243
2020-10-14;302
2022-02-18;602
2022-04-08;3638
2014-10-19;118
2015-09-16;264
2016-08-13;53
2017-07-11;124
2018-06-08;132
2019-05-06;9142
2023-11-21;1173
2020-04-02;2238
2021-02-28;867
2022-01-26;324
2022-10-14;98
2022-12-24;59
2023-09-11;932
2015-01-21;2315
2015-12-19;437
2015-08-24;334
2014-09-26;272
2014-02-23;305
2016-07-21;123
2022-12-01;185
2017-06-18;65
2018-05-16;331
2019-04-13;3398
2020-03-10;4506
2021-02-05;959
2022-01-03;117
2014-03-18;1955
2015-02-13;5494
2016-01-11;2635
2014-09-03;271
2015-08-01;123
2016-06-28;208
2022-08-29;191
2023-07-27;891
2019-03-21;4156
2019-12-07;306
2020-02-16;2059
2020-11-03;297
2021-01-13;581
2021-10-01;284
2016-12-08;335
2017-05-26;179
2017-11-05;116
2018-02-11;141
2018-04-23;425
2019-01-09;806
2014-04-10;5328
2014-08-11;341
2015-03-08;3827
2016-02-03;3827
2015-07-09;143
2016-06-05;150
2019-12-30;880
2020-11-26;324
2021-10-24;141
2022-09-21;127
2023-08-19;344
2016-12-31;158
2017-05-03;268
2017-11-28;272
2018-03-31;152
2018-10-26;152
2019-09-23;481
2014-05-09;4082
2015-03-31;12909
2016-03-03;4998
2014-07-19;145
2016-05-13;1000
2017-01-23;423
2021-08-16;369
2023-03-26;3148
2023-06-11;976
2017-12-27;280
2018-11-18;84
2019-08-06;518
2019-10-22;441
2020-09-12;162
2021-05-31;1743
2014-06-26;1041
2015-04-23;11601
2016-03-26;2279
2017-02-15;505
2017-09-18;313
2018-01-19;381
2022-07-31;94
2023-03-03;4095
2023-03-09;5268
2023-07-04;1060
2018-12-11;410
2019-07-14;351
2019-11-14;402
2020-10-05;425
2021-05-08;1028
2021-09-08;368
2014-03-24;2595
2015-05-16;1947
2016-01-17;1219
2017-03-10;479
2017-08-26;54
2017-11-11;107
2022-08-23;171
2023-02-08;2511
2023-04-26;6651
2015-11-01;134
2019-01-03;808
2019-06-21;1504
2019-09-06;264
2020-10-28;281
2021-04-15;3510
2021-07-01;436
2014-04-16;5404
2015-06-08;2559
2015-10-09;323
2016-02-09;2187
2017-04-02;126
2017-08-03;101
2021-07-24;155
2022-09-15;111
2023-01-16;1652
2023-05-19;4229
2017-12-04;340
2019-01-26;776
2019-05-29;5326
2019-09-29;149
2020-11-20;216
2021-03-23;3112
2014-10-13;385
2014-02-06;564
2016-05-28;241
2016-10-29;118
2017-07-05;78
2017-09-26;300
2022-10-08;57
2022-12-30;166
2023-09-05;813
2018-06-02;83
2018-06-14;234
2019-02-18;3848
2019-05-12;3137
2020-01-16;1928
2022-02-01;353
2015-01-27;3284
2015-08-18;329
2015-12-25;354
2016-07-15;211
2016-07-27;134
2017-06-24;60
2023-11-04;400
2018-09-16;44
2019-08-14;397
2020-03-16;4229
2021-01-05;247
2021-02-11;1171
2021-12-03;425
2013-12-31;62
2014-11-28;302
2017-08-20;42
2018-07-18;125
2021-04-09;3266
2022-03-07;1912
2022-03-19;1098
2022-11-23;156
2023-02-14;3340
2023-10-21;477
2014-12-12;377
2015-11-09;529
2015-10-03;117
2016-08-30;189
2019-05-23;6625
2020-04-19;780
2020-05-01;740
2021-03-29;4049
2023-04-18;8065
2023-12-20;1171
2014-02-15;295
2015-06-16;1311
2015-06-22;1355
2016-02-20;2431
2016-02-26;4921
2017-01-29;177
2022-04-28;5150
2017-10-05;312
2019-02-09;1436
2019-10-16;482
2020-09-18;310
2020-09-24;289
2021-05-25;1664
2014-05-20;3989
2014-05-26;3196
2017-03-24;390
2018-01-07;97
2018-01-13;156
2018-12-17;471
2023-02-25;1796
2024-01-29;4206
2024-02-04;2126
2019-07-08;691
2020-06-10;830
2015-11-18;622
2021-09-02;315
2022-08-06;81
2022-08-12;146
2014-08-28;300
2015-08-07;274
2014-12-04;336
2016-04-12;3705
2016-12-14;409
2017-11-20;230
2022-11-14;86
2023-07-21;630
2018-07-24;120
2019-03-27;5760
2019-12-01;241
2020-08-03;438
2021-07-10;194
2022-03-13;834
2014-04-04;3354
2014-07-11;507
2015-03-14;5325
2016-01-03;838
2016-09-05;183
2017-05-09;251
2022-06-21;906
2023-04-12;8577
2023-12-14;1247
2018-02-28;375
2018-11-01;198
2019-08-23;372
2020-04-25;863
2020-12-27;158
2021-10-18;342
2015-01-10;397
2015-06-25;933
2016-05-22;279
2016-11-04;345
2017-10-02;324
2018-03-17;150
2023-08-30;679
2024-02-12;4486
2019-07-28;257
2020-12-07;329
2022-02-07;622
2022-04-19;5360
2022-10-02;41
2023-06-20;1665
2015-02-02;5454
2015-12-31;688
2014-08-20;282
2016-06-14;288
2017-10-25;338
2019-03-07;3974
2022-05-12;4604
2022-06-30;633
2023-04-09;3151
2023-05-28;1401
2023-09-22;783
2023-11-10;1009
2020-07-17;517
2020-09-04;261
2020-12-30;371
2021-02-17;1625
2021-11-27;156
2022-01-15;117
2014-06-12;963
2015-05-07;7403
2016-01-23;1539
2016-04-03;1866
2017-03-04;251
2018-01-27;153
2021-07-07;508
2022-11-20;59
2023-05-02;8083
2023-10-18;988
2018-05-05;146
2018-10-15;193
2018-12-28;439
2019-11-25;669
2020-08-09;141
2021-01-25;882
2015-04-14;12807
2015-06-02;2183
2017-03-27;432
2017-05-15;278
2018-02-22;413
2018-04-12;348
2022-10-28;87
2018-11-07;232
2019-10-05;216
2019-12-18;616
2020-02-05;3758
2021-07-30;212
2022-09-09;138
2014-07-25;316
2015-03-25;14174
2014-10-10;361
2016-08-04;152
2017-04-22;140
2018-08-27;116
2021-11-01;164
2023-11-30;1053
2018-09-02;55
2019-02-15;2793
2019-10-28;329
2020-01-07;1434
2020-06-21;311
2020-06-27;253
2014-07-02;701
2014-12-15;524
2014-12-21;159
2014-11-02;111
2016-04-26;2929
2018-12-05;326
2023-12-23;604
2019-01-23;1488
2020-06-04;761
2020-11-17;324
2022-02-27;355
2022-03-30;3616
2023-07-10;996
2014-06-06;1513
2015-05-13;5767
2014-11-22;108
2016-07-04;265
2016-09-16;226
2018-04-29;108
2022-06-07;1780
2022-08-20;44
2023-08-02;736
2023-10-12;451
2018-07-15;42
2020-02-25;2225
2020-05-09;654
2020-08-15;157
2020-10-25;125
2021-12-20;672
2015-04-20;8034
2016-10-12;98
2016-11-30;368
2017-02-12;199
2018-04-06;287
2018-05-25;179
2018-08-07;89
2018-09-25;166
2020-01-30;2883
2020-03-19;2604
2014-04-30;6248
2015-01-04;315
2015-09-10;246
2016-05-16;1258
2016-11-10;381
2017-07-17;115
2020-12-13;151
2023-06-14;1883
2024-02-18;3532
2018-03-23;325
2018-11-15;98
2018-11-27;270
2019-07-22;879
2019-08-03;204
2020-04-08;2112
2014-10-02;329
2016-01-31;1561
2014-08-14;272
2014-09-20;86
2017-06-12;150
2017-10-19;381
2022-01-09;128
2022-05-18;2762
2023-09-28;827
2017-12-07;299
2019-03-01;2822
2019-03-13;4061
2019-04-19;2997
2020-07-11;246
2020-08-29;104
2015-02-10;5885
2015-02-22;2937
2015-10-29;454
2016-09-22;162
2017-05-29;254
2019-06-15;1310
2023-02-05;880
2024-01-12;1385
2019-09-09;452
2020-02-19;4674
2020-05-15;1346
2021-04-21;1737
2021-12-26;353
2022-06-01;1648
2014-03-04;496
2015-08-27;237
2014-01-14;304
2016-10-06;174
2016-11-24;364
2018-05-19;120
2021-06-23;798
2022-12-04;54
2022-12-16;195
2023-01-22;565
2018-06-25;232
2018-07-07;64
2018-08-13;115
2021-03-17;2462
2021-05-05;2812
2021-06-11;1050
2014-07-31;326
2015-04-06;14096
2015-12-11;981
2015-12-05;351
2016-08-10;170
2016-08-16;164
2022-07-14;426
2022-07-20;347
2023-03-20;7936
2023-11-24;926
2017-04-16;139
2017-12-21;266
2020-07-03;480
2021-03-09;2522
2021-11-07;136
2021-11-13;123
2016-03-14;5692
2016-03-20;2325
2014-11-08;119
2016-05-02;2467
2017-07-25;123
2017-09-06;156
2023-06-28;1348
2023-08-10;781
2023-08-16;737
2017-09-12;258
2019-01-17;967
2020-10-11;103
2022-02-15;617
2022-02-21;940
2022-04-05;4176
2014-06-18;1237
2015-02-16;3405
2015-10-23;412
2016-09-28;215
2017-06-04;77
2018-02-02;430
2023-05-08;7998
2024-01-06;627
2018-10-09;141
2019-09-15;239
2020-05-21;1170
2021-01-19;683
2021-09-25;150
2022-09-01;145
2014-01-20;399
2015-05-27;3264
2015-07-15;470
2016-11-18;372
2017-01-06;357
2018-05-13;107
2022-12-10;62
2018-07-01;51
2019-11-05;516
2019-12-24;321
2021-04-29;2938
2021-06-17;972
2022-10-22;58
